#,Total,HP,Attack,Defense,Sp. Atk,Sp. Def,Speed,Mega_Evolution_Predicted
1,318,45,49,49,65,65,45,No
2,405,60,62,63,80,80,60,No
3,525,80,82,83,100,100,80,No
3,625,80,100,123,122,120,80,Yes
4,309,39,52,43,60,50,65,No
5,405,58,64,58,80,65,80,No
6,534,78,84,78,109,85,100,No
6,634,78,130,111,130,85,100,Yes
6,634,78,104,78,159,115,100,Yes
7,314,44,48,65,50,64,43,No
8,405,59,63,80,65,80,58,No
9,530,79,83,100,85,105,78,No
9,630,79,103,120,135,115,78,Yes
10,195,45,30,35,20,20,45,No
11,205,50,20,55,25,25,30,No
12,395,60,45,50,90,80,70,No
13,195,40,35,30,20,20,50,No
14,205,45,25,50,25,25,35,No
15,395,65,90,40,45,80,75,No
15,495,65,150,40,15,80,145,Yes
16,251,40,45,40,35,35,56,No
17,349,63,60,55,50,50,71,No
18,479,83,80,75,70,70,101,No
18,579,83,80,80,135,80,121,Yes
19,253,30,56,35,25,35,72,No
20,413,55,81,60,50,70,97,No
21,262,40,60,30,31,31,70,No
22,442,65,90,65,61,61,100,No
23,288,35,60,44,40,54,55,No
24,438,60,85,69,65,79,80,No
25,320,35,55,40,50,50,90,No
26,485,60,90,55,90,80,110,No
27,300,50,75,85,20,30,40,No
28,450,75,100,110,45,55,65,No
29,275,55,47,52,40,40,41,No
30,365,70,62,67,55,55,56,No
31,505,90,92,87,75,85,76,No
32,273,46,57,40,40,40,50,No
33,365,61,72,57,55,55,65,No
34,505,81,102,77,85,75,85,No
35,323,70,45,48,60,65,35,No
36,483,95,70,73,95,90,60,No
37,299,38,41,40,50,65,65,No
38,505,73,76,75,81,100,100,No
39,270,115,45,20,45,25,20,No
40,435,140,70,45,85,50,45,No
41,245,40,45,35,30,40,55,No
42,455,75,80,70,65,75,90,No
43,320,45,50,55,75,65,30,No
44,395,60,65,70,85,75,40,No
45,490,75,80,85,110,90,50,No
46,285,35,70,55,45,55,25,No
47,405,60,95,80,60,80,30,No
48,305,60,55,50,40,55,45,No
49,450,70,65,60,90,75,90,No
50,265,10,55,25,35,45,95,No
51,405,35,80,50,50,70,120,No
52,290,40,45,35,40,40,90,No
53,440,65,70,60,65,65,115,No
54,320,50,52,48,65,50,55,No
55,500,80,82,78,95,80,85,No
56,305,40,80,35,35,45,70,No
57,455,65,105,60,60,70,95,No
58,350,55,70,45,70,50,60,No
59,555,90,110,80,100,80,95,No
60,300,40,50,40,40,40,90,No
61,385,65,65,65,50,50,90,No
62,510,90,95,95,70,90,70,No
63,310,25,20,15,105,55,90,No
64,400,40,35,30,120,70,105,No
65,500,55,50,45,135,95,120,No
65,590,55,50,65,175,95,150,Yes
66,305,70,80,50,35,35,35,No
67,405,80,100,70,50,60,45,No
68,505,90,130,80,65,85,55,No
69,300,50,75,35,70,30,40,No
70,390,65,90,50,85,45,55,No
71,490,80,105,65,100,70,70,No
72,335,40,40,35,50,100,70,No
73,515,80,70,65,80,120,100,No
74,300,40,80,100,30,30,20,No
75,390,55,95,115,45,45,35,No
76,495,80,120,130,55,65,45,No
77,410,50,85,55,65,65,90,No
78,500,65,100,70,80,80,105,No
79,315,90,65,65,40,40,15,No
80,490,95,75,110,100,80,30,No
80,590,95,75,180,130,80,30,Yes
81,325,25,35,70,95,55,45,No
82,465,50,60,95,120,70,70,No
83,352,52,65,55,58,62,60,No
84,310,35,85,45,35,35,75,No
85,460,60,110,70,60,60,100,No
86,325,65,45,55,45,70,45,No
87,475,90,70,80,70,95,70,No
88,325,80,80,50,40,50,25,No
89,500,105,105,75,65,100,50,No
90,305,30,65,100,45,25,40,No
91,525,50,95,180,85,45,70,No
92,310,30,35,30,100,35,80,No
93,405,45,50,45,115,55,95,No
94,500,60,65,60,130,75,110,No
94,600,60,65,80,170,95,130,Yes
95,385,35,45,160,30,45,70,No
96,328,60,48,45,43,90,42,No
97,483,85,73,70,73,115,67,No
98,325,30,105,90,25,25,50,No
99,475,55,130,115,50,50,75,No
100,330,40,30,50,55,55,100,No
101,480,60,50,70,80,80,140,No
102,325,60,40,80,60,45,40,No
103,520,95,95,85,125,65,55,No
104,320,50,50,95,40,50,35,No
105,425,60,80,110,50,80,45,No
106,455,50,120,53,35,110,87,No
107,455,50,105,79,35,110,76,No
108,385,90,55,75,60,75,30,No
109,340,40,65,95,60,45,35,No
110,490,65,90,120,85,70,60,No
111,345,80,85,95,30,30,25,No
112,485,105,130,120,45,45,40,No
113,450,250,5,5,35,105,50,No
114,435,65,55,115,100,40,60,No
115,490,105,95,80,40,80,90,No
115,590,105,125,100,60,100,100,Yes
116,295,30,40,70,70,25,60,No
117,440,55,65,95,95,45,85,No
118,320,45,67,60,35,50,63,No
119,450,80,92,65,65,80,68,No
120,340,30,45,55,70,55,85,No
121,520,60,75,85,100,85,115,No
122,460,40,45,65,100,120,90,No
123,500,70,110,80,55,80,105,No
124,455,65,50,35,115,95,95,No
125,490,65,83,57,95,85,105,No
126,495,65,95,57,100,85,93,No
127,500,65,125,100,55,70,85,No
127,600,65,155,120,65,90,105,Yes
128,490,75,100,95,40,70,110,No
129,200,20,10,55,15,20,80,No
130,540,95,125,79,60,100,81,No
130,640,95,155,109,70,130,81,Yes
131,535,130,85,80,85,95,60,No
132,288,48,48,48,48,48,48,No
133,325,55,55,50,45,65,55,No
134,525,130,65,60,110,95,65,No
135,525,65,65,60,110,95,130,No
136,525,65,130,60,95,110,65,No
137,395,65,60,70,85,75,40,No
138,355,35,40,100,90,55,35,No
139,495,70,60,125,115,70,55,No
140,355,30,80,90,55,45,55,No
141,495,60,115,105,65,70,80,No
142,515,80,105,65,60,75,130,No
142,615,80,135,85,70,95,150,Yes
143,540,160,110,65,65,110,30,No
144,580,90,85,100,95,125,85,No
145,580,90,90,85,125,90,100,No
146,580,90,100,90,125,85,90,No
147,300,41,64,45,50,50,50,No
148,420,61,84,65,70,70,70,No
149,600,91,134,95,100,100,80,No
150,680,106,110,90,154,90,130,No
150,780,106,190,100,154,100,130,Yes
150,780,106,150,70,194,120,140,Yes
151,600,100,100,100,100,100,100,No
152,318,45,49,65,49,65,45,No
153,405,60,62,80,63,80,60,No
154,525,80,82,100,83,100,80,No
155,309,39,52,43,60,50,65,No
156,405,58,64,58,80,65,80,No
157,534,78,84,78,109,85,100,No
158,314,50,65,64,44,48,43,No
159,405,65,80,80,59,63,58,No
160,530,85,105,100,79,83,78,No
161,215,35,46,34,35,45,20,No
162,415,85,76,64,45,55,90,No
163,262,60,30,30,36,56,50,No
164,442,100,50,50,76,96,70,No
165,265,40,20,30,40,80,55,No
166,390,55,35,50,55,110,85,No
167,250,40,60,40,40,40,30,No
168,390,70,90,70,60,60,40,No
169,535,85,90,80,70,80,130,No
170,330,75,38,38,56,56,67,No
171,460,125,58,58,76,76,67,No
172,205,20,40,15,35,35,60,No
173,218,50,25,28,45,55,15,No
174,210,90,30,15,40,20,15,No
175,245,35,20,65,40,65,20,No
176,405,55,40,85,80,105,40,No
177,320,40,50,45,70,45,70,No
178,470,65,75,70,95,70,95,No
179,280,55,40,40,65,45,35,No
180,365,70,55,55,80,60,45,No
181,510,90,75,85,115,90,55,No
181,610,90,95,105,165,110,45,Yes
182,490,75,80,95,90,100,50,No
183,250,70,20,50,20,50,40,No
184,420,100,50,80,60,80,50,No
185,410,70,100,115,30,65,30,No
186,500,90,75,75,90,100,70,No
187,250,35,35,40,35,55,50,No
188,340,55,45,50,45,65,80,No
189,460,75,55,70,55,95,110,No
190,360,55,70,55,40,55,85,No
191,180,30,30,30,30,30,30,No
192,425,75,75,55,105,85,30,No
193,390,65,65,45,75,45,95,No
194,210,55,45,45,25,25,15,No
195,430,95,85,85,65,65,35,No
196,525,65,65,60,130,95,110,No
197,525,95,65,110,60,130,65,No
198,405,60,85,42,85,42,91,No
199,490,95,75,80,100,110,30,No
200,435,60,60,60,85,85,85,No
201,336,48,72,48,72,48,48,No
202,405,190,33,58,33,58,33,No
203,455,70,80,65,90,65,85,No
204,290,50,65,90,35,35,15,No
205,465,75,90,140,60,60,40,No
206,415,100,70,70,65,65,45,No
207,430,65,75,105,35,65,85,No
208,510,75,85,200,55,65,30,No
208,610,75,125,230,55,95,30,Yes
209,300,60,80,50,40,40,30,No
210,450,90,120,75,60,60,45,No
211,430,65,95,75,55,55,85,No
212,500,70,130,100,55,80,65,No
212,600,70,150,140,65,100,75,Yes
213,505,20,10,230,10,230,5,No
214,500,80,125,75,40,95,85,No
214,600,80,185,115,40,105,75,Yes
215,430,55,95,55,35,75,115,No
216,330,60,80,50,50,50,40,No
217,500,90,130,75,75,75,55,No
218,250,40,40,40,70,40,20,No
219,410,50,50,120,80,80,30,No
220,250,50,50,40,30,30,50,No
221,450,100,100,80,60,60,50,No
222,380,55,55,85,65,85,35,No
223,300,35,65,35,65,35,65,No
224,480,75,105,75,105,75,45,No
225,330,45,55,45,65,45,75,No
226,465,65,40,70,80,140,70,No
227,465,65,80,140,40,70,70,No
228,330,45,60,30,80,50,65,No
229,500,75,90,50,110,80,95,No
229,600,75,90,90,140,90,115,Yes
230,540,75,95,95,95,95,85,No
231,330,90,60,60,40,40,40,No
232,500,90,120,120,60,60,50,No
233,515,85,80,90,105,95,60,No
234,465,73,95,62,85,65,85,No
235,250,55,20,35,20,45,75,No
236,210,35,35,35,35,35,35,No
237,455,50,95,95,35,110,70,No
238,305,45,30,15,85,65,65,No
239,360,45,63,37,65,55,95,No
240,365,45,75,37,70,55,83,No
241,490,95,80,105,40,70,100,No
242,540,255,10,10,75,135,55,No
243,580,90,85,75,115,100,115,No
244,580,115,115,85,90,75,100,No
245,580,100,75,115,90,115,85,No
246,300,50,64,50,45,50,41,No
247,410,70,84,70,65,70,51,No
248,600,100,134,110,95,100,61,No
248,700,100,164,150,95,120,71,Yes
249,680,106,90,130,90,154,110,No
250,680,106,130,90,110,154,90,No
251,600,100,100,100,100,100,100,No
252,310,40,45,35,65,55,70,No
253,405,50,65,45,85,65,95,No
254,530,70,85,65,105,85,120,No
254,630,70,110,75,145,85,145,Yes
255,310,45,60,40,70,50,45,No
256,405,60,85,60,85,60,55,No
257,530,80,120,70,110,70,80,No
257,630,80,160,80,130,80,100,Yes
258,310,50,70,50,50,50,40,No
259,405,70,85,70,60,70,50,No
260,535,100,110,90,85,90,60,No
260,635,100,150,110,95,110,70,Yes
261,220,35,55,35,30,30,35,No
262,420,70,90,70,60,60,70,No
263,240,38,30,41,30,41,60,No
264,420,78,70,61,50,61,100,No
265,195,45,45,35,20,30,20,No
266,205,50,35,55,25,25,15,No
267,395,60,70,50,100,50,65,No
268,205,50,35,55,25,25,15,No
269,385,60,50,70,50,90,65,No
270,220,40,30,30,40,50,30,No
271,340,60,50,50,60,70,50,No
272,480,80,70,70,90,100,70,No
273,220,40,40,50,30,30,30,No
274,340,70,70,40,60,40,60,No
275,480,90,100,60,90,60,80,No
276,270,40,55,30,30,30,85,No
277,430,60,85,60,50,50,125,No
278,270,40,30,30,55,30,85,No
279,430,60,50,100,85,70,65,No
280,198,28,25,25,45,35,40,No
281,278,38,35,35,65,55,50,No
282,518,68,65,65,125,115,80,No
282,618,68,85,65,165,135,100,Yes
283,269,40,30,32,50,52,65,No
284,414,70,60,62,80,82,60,No
285,295,60,40,60,40,60,35,No
286,460,60,130,80,60,60,70,No
287,280,60,60,60,35,35,30,No
288,440,80,80,80,55,55,90,No
289,670,150,160,100,95,65,100,No
290,266,31,45,90,30,30,40,No
291,456,61,90,45,50,50,160,No
292,236,1,90,45,30,30,40,No
293,240,64,51,23,51,23,28,No
294,360,84,71,43,71,43,48,No
295,490,104,91,63,91,73,68,No
296,237,72,60,30,20,30,25,No
297,474,144,120,60,40,60,50,No
298,190,50,20,40,20,40,20,No
299,375,30,45,135,45,90,30,No
300,260,50,45,45,35,35,50,No
301,380,70,65,65,55,55,70,No
302,380,50,75,75,65,65,50,No
302,480,50,85,125,85,115,20,No
303,380,50,85,85,55,55,50,No
303,480,50,105,125,55,95,50,Yes
304,330,50,70,100,40,40,30,No
305,430,60,90,140,50,50,40,No
306,530,70,110,180,60,60,50,No
306,630,70,140,230,60,80,50,Yes
307,280,30,40,55,40,55,60,No
308,410,60,60,75,60,75,80,No
308,510,60,100,85,80,85,100,No
309,295,40,45,40,65,40,65,No
310,475,70,75,60,105,60,105,No
310,575,70,75,80,135,80,135,Yes
311,405,60,50,40,85,75,95,No
312,405,60,40,50,75,85,95,No
313,400,65,73,55,47,75,85,No
314,400,65,47,55,73,75,85,No
315,400,50,60,45,100,80,65,No
316,302,70,43,53,43,53,40,No
317,467,100,73,83,73,83,55,No
318,305,45,90,20,65,20,65,No
319,460,70,120,40,95,40,95,No
319,560,70,140,70,110,65,105,Yes
320,400,130,70,35,70,35,60,No
321,500,170,90,45,90,45,60,No
322,305,60,60,40,65,45,35,No
323,460,70,100,70,105,75,40,No
323,560,70,120,100,145,105,20,Yes
324,470,70,85,140,85,70,20,No
325,330,60,25,35,70,80,60,No
326,470,80,45,65,90,110,80,No
327,360,60,60,60,60,60,60,No
328,290,45,100,45,45,45,10,No
329,340,50,70,50,50,50,70,No
330,520,80,100,80,80,80,100,No
331,335,50,85,40,85,40,35,No
332,475,70,115,60,115,60,55,No
333,310,45,40,60,40,75,50,No
334,490,75,70,90,70,105,80,No
334,590,75,110,110,110,105,80,Yes
335,458,73,115,60,60,60,90,No
336,458,73,100,60,100,60,65,No
337,440,70,55,65,95,85,70,No
338,440,70,95,85,55,65,70,No
339,288,50,48,43,46,41,60,No
340,468,110,78,73,76,71,60,No
341,308,43,80,65,50,35,35,No
342,468,63,120,85,90,55,55,No
343,300,40,40,55,40,70,55,No
344,500,60,70,105,70,120,75,No
345,355,66,41,77,61,87,23,No
346,495,86,81,97,81,107,43,No
347,355,45,95,50,40,50,75,No
348,495,75,125,100,70,80,45,No
349,200,20,15,20,10,55,80,No
350,540,95,60,79,100,125,81,No
351,420,70,70,70,70,70,70,No
352,440,60,90,70,60,120,40,No
353,295,44,75,35,63,33,45,No
354,455,64,115,65,83,63,65,No
354,555,64,165,75,93,83,75,Yes
355,295,20,40,90,30,90,25,No
356,455,40,70,130,60,130,25,No
357,460,99,68,83,72,87,51,No
358,425,65,50,70,95,80,65,No
359,465,65,130,60,75,60,75,No
359,565,65,150,60,115,60,115,Yes
360,260,95,23,48,23,48,23,No
361,300,50,50,50,50,50,50,No
362,480,80,80,80,80,80,80,No
362,580,80,120,80,120,80,100,Yes
363,290,70,40,50,55,50,25,No
364,410,90,60,70,75,70,45,No
365,530,110,80,90,95,90,65,No
366,345,35,64,85,74,55,32,No
367,485,55,104,105,94,75,52,No
368,485,55,84,105,114,75,52,No
369,485,100,90,130,45,65,55,No
370,330,43,30,55,40,65,97,No
371,300,45,75,60,40,30,50,No
372,420,65,95,100,60,50,50,No
373,600,95,135,80,110,80,100,No
373,700,95,145,130,120,90,120,Yes
374,300,40,55,80,35,60,30,No
375,420,60,75,100,55,80,50,No
376,600,80,135,130,95,90,70,No
376,700,80,145,150,105,110,110,Yes
377,580,80,100,200,50,100,50,No
378,580,80,50,100,100,200,50,No
379,580,80,75,150,75,150,50,No
380,600,80,80,90,110,130,110,No
380,700,80,100,120,140,150,110,Yes
381,600,80,90,80,130,110,110,No
381,700,80,130,100,160,120,110,Yes
382,670,100,100,90,150,140,90,No
382,770,100,150,90,180,160,90,Yes
383,670,100,150,140,100,90,90,No
383,770,100,180,160,150,90,90,No
384,680,105,150,90,150,90,95,No
384,780,105,180,100,180,100,115,Yes
385,600,100,100,100,100,100,100,No
386,600,50,150,50,150,50,150,No
386,600,50,180,20,180,20,150,No
386,600,50,70,160,70,160,90,No
386,600,50,95,90,95,90,180,No
387,318,55,68,64,45,55,31,No
388,405,75,89,85,55,65,36,No
389,525,95,109,105,75,85,56,No
390,309,44,58,44,58,44,61,No
391,405,64,78,52,78,52,81,No
392,534,76,104,71,104,71,108,No
393,314,53,51,53,61,56,40,No
394,405,64,66,68,81,76,50,No
395,530,84,86,88,111,101,60,No
396,245,40,55,30,30,30,60,No
397,340,55,75,50,40,40,80,No
398,485,85,120,70,50,60,100,No
399,250,59,45,40,35,40,31,No
400,410,79,85,60,55,60,71,No
401,194,37,25,41,25,41,25,No
402,384,77,85,51,55,51,65,No
403,263,45,65,34,40,34,45,No
404,363,60,85,49,60,49,60,No
405,523,80,120,79,95,79,70,No
406,280,40,30,35,50,70,55,No
407,515,60,70,65,125,105,90,No
408,350,67,125,40,30,30,58,No
409,495,97,165,60,65,50,58,No
410,350,30,42,118,42,88,30,No
411,495,60,52,168,47,138,30,No
412,224,40,29,45,29,45,36,No
413,424,60,59,85,79,105,36,No
413,424,60,79,105,59,85,36,No
413,424,60,69,95,69,95,36,No
414,424,70,94,50,94,50,66,No
415,244,30,30,42,30,42,70,No
416,474,70,80,102,80,102,40,No
417,405,60,45,70,45,90,95,No
418,330,55,65,35,60,30,85,No
419,495,85,105,55,85,50,115,No
420,275,45,35,45,62,53,35,No
421,450,70,60,70,87,78,85,No
422,325,76,48,48,57,62,34,No
423,475,111,83,68,92,82,39,No
424,482,75,100,66,60,66,115,No
425,348,90,50,34,60,44,70,No
426,498,150,80,44,90,54,80,No
427,350,55,66,44,44,56,85,No
428,480,65,76,84,54,96,105,No
428,580,65,136,94,54,96,135,Yes
429,495,60,60,60,105,105,105,No
430,505,100,125,52,105,52,71,No
431,310,49,55,42,42,37,85,No
432,452,71,82,64,64,59,112,No
433,285,45,30,50,65,50,45,No
434,329,63,63,47,41,41,74,No
435,479,103,93,67,71,61,84,No
436,300,57,24,86,24,86,23,No
437,500,67,89,116,79,116,33,No
438,290,50,80,95,10,45,10,No
439,310,20,25,45,70,90,60,No
440,220,100,5,5,15,65,30,No
441,411,76,65,45,92,42,91,No
442,485,50,92,108,92,108,35,No
443,300,58,70,45,40,45,42,No
444,410,68,90,65,50,55,82,No
445,600,108,130,95,80,85,102,No
445,700,108,170,115,120,95,92,Yes
446,390,135,85,40,40,85,5,No
447,285,40,70,40,35,40,60,No
448,525,70,110,70,115,70,90,No
448,625,70,145,88,140,70,112,Yes
449,330,68,72,78,38,42,32,No
450,525,108,112,118,68,72,47,No
451,330,40,50,90,30,55,65,No
452,500,70,90,110,60,75,95,No
453,300,48,61,40,61,40,50,No
454,490,83,106,65,86,65,85,No
455,454,74,100,72,90,72,46,No
456,330,49,49,56,49,61,66,No
457,460,69,69,76,69,86,91,No
458,345,45,20,50,60,120,50,No
459,334,60,62,50,62,60,40,No
460,494,90,92,75,92,85,60,No
460,594,90,132,105,132,105,30,Yes
461,510,70,120,65,45,85,125,No
462,535,70,70,115,130,90,60,No
463,515,110,85,95,80,95,50,No
464,535,115,140,130,55,55,40,No
465,535,100,100,125,110,50,50,No
466,540,75,123,67,95,85,95,No
467,540,75,95,67,125,95,83,No
468,545,85,50,95,120,115,80,No
469,515,86,76,86,116,56,95,No
470,525,65,110,130,60,65,95,No
471,525,65,60,110,130,95,65,No
472,510,75,95,125,45,75,95,No
473,530,110,130,80,70,60,80,No
474,535,85,80,70,135,75,90,No
475,518,68,125,65,65,115,80,No
475,618,68,165,95,65,115,110,Yes
476,525,60,55,145,75,150,40,No
477,525,45,100,135,65,135,45,No
478,480,70,80,70,80,70,110,No
479,440,50,50,77,95,77,91,No
479,520,50,65,107,105,107,86,No
479,520,50,65,107,105,107,86,No
479,520,50,65,107,105,107,86,No
479,520,50,65,107,105,107,86,No
479,520,50,65,107,105,107,86,No
480,580,75,75,130,75,130,95,No
481,580,80,105,105,105,105,80,No
482,580,75,125,70,125,70,115,No
483,680,100,120,120,150,100,90,No
484,680,90,120,100,150,120,100,No
485,600,91,90,106,130,106,77,No
486,670,110,160,110,80,110,100,No
487,680,150,100,120,100,120,90,No
487,680,150,120,100,120,100,90,No
488,600,120,70,120,75,130,85,No
489,480,80,80,80,80,80,80,No
490,600,100,100,100,100,100,100,No
491,600,70,90,90,135,90,125,No
492,600,100,100,100,100,100,100,No
492,600,100,103,75,120,75,127,No
493,720,120,120,120,120,120,120,No
494,600,100,100,100,100,100,100,No
495,308,45,45,55,45,55,63,No
496,413,60,60,75,60,75,83,No
497,528,75,75,95,75,95,113,No
498,308,65,63,45,45,45,45,No
499,418,90,93,55,70,55,55,No
500,528,110,123,65,100,65,65,No
501,308,55,55,45,63,45,45,No
502,413,75,75,60,83,60,60,No
503,528,95,100,85,108,70,70,No
504,255,45,55,39,35,39,42,No
505,420,60,85,69,60,69,77,No
506,275,45,60,45,25,45,55,No
507,370,65,80,65,35,65,60,No
508,500,85,110,90,45,90,80,No
509,281,41,50,37,50,37,66,No
510,446,64,88,50,88,50,106,No
511,316,50,53,48,53,48,64,No
512,498,75,98,63,98,63,101,No
513,316,50,53,48,53,48,64,No
514,498,75,98,63,98,63,101,No
515,316,50,53,48,53,48,64,No
516,498,75,98,63,98,63,101,No
517,292,76,25,45,67,55,24,No
518,487,116,55,85,107,95,29,No
519,264,50,55,50,36,30,43,No
520,358,62,77,62,50,42,65,No
521,488,80,115,80,65,55,93,No
522,295,45,60,32,50,32,76,No
523,497,75,100,63,80,63,116,No
524,280,55,75,85,25,25,15,No
525,390,70,105,105,50,40,20,No
526,515,85,135,130,60,80,25,No
527,313,55,45,43,55,43,72,No
528,425,67,57,55,77,55,114,No
529,328,60,85,40,30,45,68,No
530,508,110,135,60,50,65,88,No
531,445,103,60,86,60,86,50,No
531,545,103,60,126,80,126,50,No
532,305,75,80,55,25,35,35,No
533,405,85,105,85,40,50,40,No
534,505,105,140,95,55,65,45,No
535,294,50,50,40,50,40,64,No
536,384,75,65,55,65,55,69,No
537,509,105,95,75,85,75,74,No
538,465,120,100,85,30,85,45,No
539,465,75,125,75,30,75,85,No
540,310,45,53,70,40,60,42,No
541,380,55,63,90,50,80,42,No
542,500,75,103,80,70,80,92,No
543,260,30,45,59,30,39,57,No
544,360,40,55,99,40,79,47,No
545,485,60,100,89,55,69,112,No
546,280,40,27,60,37,50,66,No
547,480,60,67,85,77,75,116,No
548,280,45,35,50,70,50,30,No
549,480,70,60,75,110,75,90,No
550,460,70,92,65,80,55,98,No
551,292,50,72,35,35,35,65,No
552,351,60,82,45,45,45,74,No
553,519,95,117,80,65,70,92,No
554,315,70,90,45,15,45,50,No
555,480,105,140,55,30,55,95,No
555,540,105,30,105,140,105,55,No
556,461,75,86,67,106,67,60,No
557,325,50,65,85,35,35,55,No
558,475,70,95,125,65,75,45,No
559,348,50,75,70,35,70,48,No
560,488,65,90,115,45,115,58,No
561,490,72,58,80,103,80,97,No
562,303,38,30,85,55,65,30,No
563,483,58,50,145,95,105,30,No
564,355,54,78,103,53,45,22,No
565,495,74,108,133,83,65,32,No
566,401,55,112,45,74,45,70,No
567,567,75,140,65,112,65,110,No
568,329,50,50,62,40,62,65,No
569,474,80,95,82,60,82,75,No
570,330,40,65,40,80,40,65,No
571,510,60,105,60,120,60,105,No
572,300,55,50,40,40,40,75,No
573,470,75,95,60,65,60,115,No
574,290,45,30,50,55,65,45,No
575,390,60,45,70,75,85,55,No
576,490,70,55,95,95,110,65,No
577,290,45,30,40,105,50,20,No
578,370,65,40,50,125,60,30,No
579,490,110,65,75,125,85,30,No
580,305,62,44,50,44,50,55,No
581,473,75,87,63,87,63,98,No
582,305,36,50,50,65,60,44,No
583,395,51,65,65,80,75,59,No
584,535,71,95,85,110,95,79,No
585,335,60,60,50,40,50,75,No
586,475,80,100,70,60,70,95,No
587,428,55,75,60,75,60,103,No
588,315,50,75,45,40,45,60,No
589,495,70,135,105,60,105,20,No
590,294,69,55,45,55,55,15,No
591,464,114,85,70,85,80,30,No
592,335,55,40,50,65,85,40,No
593,480,100,60,70,85,105,60,No
594,470,165,75,80,40,45,65,No
595,319,50,47,50,57,50,65,No
596,472,70,77,60,97,60,108,No
597,305,44,50,91,24,86,10,No
598,489,74,94,131,54,116,20,No
599,300,40,55,70,45,60,30,No
600,440,60,80,95,70,85,50,No
601,520,60,100,115,70,85,90,No
602,275,35,55,40,45,40,60,No
603,405,65,85,70,75,70,40,No
604,515,85,115,80,105,80,50,No
605,335,55,55,55,85,55,30,No
606,485,75,75,75,125,95,40,No
607,275,50,30,55,65,55,20,No
608,370,60,40,60,95,60,55,No
609,520,60,55,90,145,90,80,No
610,320,46,87,60,30,40,57,No
611,410,66,117,70,40,50,67,No
612,540,76,147,90,60,70,97,No
613,305,55,70,40,60,40,40,No
614,485,95,110,80,70,80,50,No
615,485,70,50,30,95,135,105,No
616,305,50,40,85,40,65,25,No
617,495,80,70,40,100,60,145,No
618,471,109,66,84,81,99,32,No
619,350,45,85,50,55,50,65,No
620,510,65,125,60,95,60,105,No
621,485,77,120,90,60,90,48,No
622,303,59,74,50,35,50,35,No
623,483,89,124,80,55,80,55,No
624,340,45,85,70,40,40,60,No
625,490,65,125,100,60,70,70,No
626,490,95,110,95,40,95,55,No
627,350,70,83,50,37,50,60,No
628,510,100,123,75,57,75,80,No
629,370,70,55,75,45,65,60,No
630,510,110,65,105,55,95,80,No
631,484,85,97,66,105,66,65,No
632,484,58,109,112,48,48,109,No
633,300,52,65,50,45,50,38,No
634,420,72,85,70,65,70,58,No
635,600,92,105,90,125,90,98,No
636,360,55,85,55,50,55,60,No
637,550,85,60,65,135,105,100,No
638,580,91,90,129,90,72,108,No
639,580,91,129,90,72,90,108,No
640,580,91,90,72,90,129,108,No
641,580,79,115,70,125,80,111,No
641,580,79,100,80,110,90,121,No
642,580,79,115,70,125,80,111,No
642,580,79,105,70,145,80,101,No
643,680,100,120,100,150,120,90,No
644,680,100,150,120,120,100,90,No
645,600,89,125,90,115,80,101,No
645,600,89,145,90,105,80,91,No
646,660,125,130,90,130,90,95,No
646,700,125,170,100,120,90,95,No
646,700,125,120,90,170,100,95,No
647,580,91,72,90,129,90,108,No
647,580,91,72,90,129,90,108,No
648,600,100,77,77,128,128,90,No
648,600,100,128,90,77,77,128,No
649,600,71,120,95,120,95,99,No
650,313,56,61,65,48,45,38,No
651,405,61,78,95,56,58,57,No
652,530,88,107,122,74,75,64,No
653,307,40,45,40,62,60,60,No
654,409,59,59,58,90,70,73,No
655,534,75,69,72,114,100,104,No
656,314,41,56,40,62,44,71,No
657,405,54,63,52,83,56,97,No
658,530,72,95,67,103,71,122,No
659,237,38,36,38,32,36,57,No
660,423,85,56,77,50,77,78,No
661,278,45,50,43,40,38,62,No
662,382,62,73,55,56,52,84,No
663,499,78,81,71,74,69,126,No
664,200,38,35,40,27,25,35,No
665,213,45,22,60,27,30,29,No
666,411,80,52,50,90,50,89,No
667,369,62,50,58,73,54,72,No
668,507,86,68,72,109,66,106,No
669,303,44,38,39,61,79,42,No
670,371,54,45,47,75,98,52,No
671,552,78,65,68,112,154,75,No
672,350,66,65,48,62,57,52,No
673,531,123,100,62,97,81,68,No
674,348,67,82,62,46,48,43,No
675,495,95,124,78,69,71,58,No
676,472,75,80,60,65,90,102,No
677,355,62,48,54,63,60,68,No
678,466,74,48,76,83,81,104,No
678,466,74,48,76,83,81,104,No
679,325,45,80,100,35,37,28,No
680,448,59,110,150,45,49,35,No
681,520,60,150,50,150,50,60,No
681,520,60,50,150,50,150,60,No
682,341,78,52,60,63,65,23,No
683,462,101,72,72,99,89,29,No
684,341,62,48,66,59,57,49,No
685,480,82,80,86,85,75,72,No
686,288,53,54,53,37,46,45,No
687,482,86,92,88,68,75,73,No
688,306,42,52,67,39,56,50,No
689,500,72,105,115,54,86,68,No
690,320,50,60,60,60,60,30,No
691,494,65,75,90,97,123,44,No
692,330,50,53,62,58,63,44,No
693,500,71,73,88,120,89,59,No
694,289,44,38,33,61,43,70,No
695,481,62,55,52,109,94,109,No
696,362,58,89,77,45,45,48,No
697,521,82,121,119,69,59,71,No
698,362,77,59,50,67,63,46,No
699,521,123,77,72,99,92,58,No
700,525,95,65,65,110,130,60,No
701,500,78,92,75,74,63,118,No
702,431,67,58,57,81,67,101,No
703,500,50,50,150,50,150,50,No
704,300,45,50,35,55,75,40,No
705,452,68,75,53,83,113,60,No
706,600,90,100,70,110,150,80,No
707,470,57,80,91,80,87,75,No
708,309,43,70,48,50,60,38,No
709,474,85,110,76,65,82,56,No
710,335,49,66,70,44,55,51,No
710,335,44,66,70,44,55,56,No
710,335,54,66,70,44,55,46,No
710,335,59,66,70,44,55,41,No
711,494,65,90,122,58,75,84,No
711,494,55,85,122,58,75,99,No
711,494,75,95,122,58,75,69,No
711,494,85,100,122,58,75,54,No
712,304,55,69,85,32,35,28,No
713,514,95,117,184,44,46,28,No
714,245,40,30,35,45,40,55,No
715,535,85,70,80,97,80,123,No
716,680,126,131,95,131,98,99,No
717,680,126,131,95,131,98,99,No
718,600,108,100,121,81,95,95,No
719,600,50,100,150,100,150,50,No
719,700,50,160,110,160,110,110,Yes
720,600,80,110,60,150,130,70,No
720,680,80,160,60,170,130,80,No
721,600,80,110,120,130,90,70,No
